Index,title,Description,tag_list,Start Date,start Time,End Time,End Date,Durations,Online Event?,locations,website,ticket,img_src,Link to page
0,Ottawa International Reggae Festival,"OTTAWA INTERNATIONAL REGGAE FESTIVALSATURDAY - JULY 19-20, 2025PERFORMERS:ELEPHANT MANStay tuned for more artist announcements...GENERAL ADMISSION TICKETS: Very Early Advance $35, $45 Early Advance, $55 Advance & $65 AT THE GATEVIP: $149 (Front Stage Seating, Private Restaurant & Bar)VIP ALL INCLUSIVE :$299 (Front Stage Seating, Private Restaurant & Bar)Purchase online: http://ottawareggaefest.com/buy-tickets/1 Child under 12 years free accompanied by an adultGATES open at 11:00 am""The Ultimate Reggae Experience""http://ottawareggaefest.com/events, GET YOURS NOW BEFORE THEY ARE ALL GONE: CALL OIRF INFO LINE - 613.262.5412 OTTAWA TICKET LOCATIONSPili Pili Grilled Chicken ‚Äì 205 Dalhousie St. ‚Äì 613.695.7404Ocho Rios ‚Äì 1800 Bank St #15 ‚Äì 613.733.9999African Queen ‚Äì 2430 Bank St. ‚Äì 613.736.5369Savanah Foods ‚Äì 1838 Bank St. ‚Äì 613.731.7878Fades International ‚Äì 1800 Bank St. ‚Äì 613.737.3633Fades International ‚Äì 597 Somerset St. W ‚Äì 613.230.3233MONTREAL TICKET LOCATIONSTripple AAA Entertainment ‚Äì 514.344.5353Johno Kuts ‚Äì 85A Lafleur Ave. ‚Äì 514.364.6516Front line ‚Äì 4615 Ave Van Horne ‚Äì 514.736.5720Mango Bay ‚Äì 1236 Rue Mackay #201 ‚Äì 514.875.7082Improved Cuts ‚Äì 1475 Rue MacDonald ‚Äì 514.334.0666TORONTO TICKET LOCATIONSDOWNTOWNPlay De Record ‚Äì 411 Spadina Ave. ‚Äì 416.586.0380WEST ENDTrejah Isle Records ‚Äì 1514 Eglinton West ‚Äì 416.787.7615Caribbean Queen ‚Äì 3408 Weston Rd. ‚Äì 416.746.8169BRAMPTONQueens Beauty Supply ‚Äì 50 Sunnyvale Gate ‚Äì 905.799.7703Gem‚Äôs House of Jerk ‚Äì 9980 Airport Road ‚Äì 905.494.0944Jamaica House Kitchens ‚Äì 80 Pertosa ‚Äì 905.460.0651Sunrise ‚Äì 148 West Drive ‚Äì 905.796.0777Sunrise ‚Äì 80 Resolution Drive ‚Äì 905.457.3049MISSISSAUGAGranny‚Äôs Place ‚Äì 2545 Hurontario Street ‚Äì 905.272.4950SCARBOROUGH2 Lined Music Hut ‚Äì 31 Tapscott Rd. ‚Äì 416.264.3999Class One Records ‚Äì 271B Morningside Ave. ‚Äì 416.208.0292 Email: info@ottawareggaefestival.caFollow us on:facebook.com/ottawareggaetwitter.com/ottawareggaeinstagram.com/ottawareggae","['Music', 'Dancehall', 'Reggae']",19 Jul 2025 ,11:00, 11:00 EDT,20Jul2025,Yes,"Ottawa, Ontario","Ottawa, Ontario",No website link,ottawareggaefest.com/buy-tickets,https://scontent.fdel11-2.fna.fbcdn.net/v/t1.6435-9/s720x720/30706921_1778174638902076_6592814540692389888_n.jpg?_nc_cat=105&ccb=1-5&_nc_sid=b386c4&_nc_ohc=wEQguGHfPasAX_acuko&_nc_ht=scontent.fdel11-2.fna&oh=03c5191ecf3d5e2736d6fc8815cf5d1a&oe=61BEAE4D,https://www.facebook.com/events/1320631927958012/
0,Hamilton in Ottawa - Official,"This is the official event page for the Ottawa engagement of HAMILTON at the National Arts Centre. Patrons interested in the Ottawa engagement of HAMILTON should be wary of fraudulent sources of information online and elsewhere. For more information, please visit https://ottawa.broadway.com/help/#hamilton",['Theatre'],"Wednesday, 5 January 2022 ", 20:00,23:00 EST,NO,NO,No location given,No location given,No website link,No ticket info,https://scontent.fdel11-2.fna.fbcdn.net/v/t1.6435-9/p526x296/60295468_3189057291119934_1855585103489531904_n.jpg?_nc_cat=106&ccb=1-5&_nc_sid=b386c4&_nc_ohc=bMjyTFoHnzsAX-dXwBP&_nc_ht=scontent.fdel11-2.fna&oh=462480b48d5aee07dc1aa54a8ae316a2&oe=61BE58C7,https://www.facebook.com/events/2033634956932414/
0,Ottawa Comiccon 2022 (Official),"* En fran√ßais, d√©filer vers le bas*Ottawa Comiccon is a pop-culture fan convention that showcases artists and products from entertainment genres like: Sci-fi, Horror, Anime, Gaming in all its forms, and, of course, bande dessin√©e and comic books. It features a large array of exhibits with several companies demonstrating their wares and a few vehicles or set pieces from film or television are on display, a shopping experience like no other, aimed at fans that are looking for games, T-Shirts, comics, toys, statues, replicas and more collector items.Fans have the opportunity come to meet their favorite creators from the world of comics get their autographs, buy a sketch or thank them for their work. Additionally, one of the biggest draws, fans get to meet the personalities behind their favorite TV shows and movies. Celebrities participate in autograph sessions, photo opportunities and stage appearances that accommodate between 300 and 2000 fans.Fans are encouraged (but not obliged) to come dressed as their favourite pop culture characters, be they from movies, TV, video games or comics. It culminates at the Masquerade, the big costuming competition that brings in judges from across the globe, over 50 competitors, and close to 2000 fans to cheer them on when they hit the big stage.Over the course of three days, fans are treated to over 50 different panel discussions and workshops that help further promote comics, costuming, gaming and pop culture in general.*En fran√ßais*Le Comiccon d'Ottawa est un √©v√©nement destin√© aux amateurs de culture populaire √† l‚Äôoccasion duquel ces derniers ont la chance de rencontrer des artistes et de voir un large √©ventail de produits issus de l‚Äôunivers du divertissement : science-fiction, horreur, anime, jeux vid√©o sous toutes leurs formes et, bien s√ªr, bandes dessin√©es et comic books. On y trouve une grande diversit√© d‚Äôexposants, notamment des entreprises qui y pr√©sentent leurs marchandises, ainsi que des v√©hicules ou d‚Äôautres √©l√©ments marquants de films ou de s√©ries t√©l√©vis√©es. Il s‚Äôagit d‚Äôune occasion unique pour les collectionneurs de trouver le tee-shirt, le comic book, le jouet, la figurine, ou la r√©plique dont ils r√™vent.Les aficionados de comic books et de bandes dessin√©es ont quant √† eux la chance de rencontrer leurs artistes pr√©f√©r√©s, de demander leur autographe, d‚Äôacheter un dessin ou de les remercier pour leur travail. L‚Äôun des points marquants de l‚Äô√©v√©nement est certes la possibilit√© pour les visiteurs de rencontrer les artisans m√™mes de leur √©mission de t√©l√© ou de leur film pr√©f√©r√©. Les vedettes participent √† des s√©ances de photo et de signature d‚Äôautographes, et donnent des conf√©rences accueillant de 300 √† 2 000 personnes.On encourage les visiteurs (sans les obliger, toutefois) √† se costumer sous les traits de leur ic√¥ne de la culture populaire pr√©f√©r√©e (cin√©ma, t√©l√©, jeu vid√©o ou comic book, par exemple). Le d√©fil√© de costumes atteint son apog√©e lors de la mascarade, grand concours de costumes pr√©sid√© par des juges venus des quatre coins du monde qui notent plus de 40 concurrents devant les encouragements de pr√®s de 2 000 amateurs r√©unis pour l‚Äôoccasion.Pendant les trois jours de l‚Äô√©v√©nement, les visiteurs sont invit√©s √† plus de 50 groupes de discussion et ateliers visant la promotion des comic books, des costumes, des jeux vid√©o et de la culture populaire en g√©n√©ral.","['Art', 'Child-friendly', 'Comic book']",9 Sep 2022 ,12:00, 17:00 EDT,11Sep2022,Yes,EY Centre,EY Centre,No website link,No ticket info,https://scontent.fdel11-1.fna.fbcdn.net/v/t39.30808-6/p526x296/228229629_4442905159102487_6779212984647110249_n.jpg?_nc_cat=111&ccb=1-5&_nc_sid=b386c4&_nc_ohc=yxhrO3gibr4AX_k5s_9&_nc_ht=scontent.fdel11-1.fna&oh=a24d0f5f0cd474ad79e815fb8c014a3f&oe=619DC712,https://www.facebook.com/events/2392575057681141/
0,Ottawa V Con 2021,"Ottawa first fully functional virtual comic con. Meet with your favortie Dragonball z voice actors from Vic Mignogna , Chuck Huber, and Stephanie Nadolny. We have have amazing vendors, board game, yu gi oh, and magic tournaments. Sponsored by GeekyourselfoutEvent starts To be anouncedSaturday 11:00 am- 400 pmSunday   11:00 am- 400pmTickets avalible now https://events.com/r/en_US/tickets/ottawa-v-con-2021-801472Supporting the Charity @Abilityfirstottawa","['Games', 'Online']",29 Oct 2022 ,11:00, 16:00 EDT,30Oct2022,Yes,YES,No location given,No website link,events.com/r/en_US/tickets/ottawa-v-con-2021-801472,https://scontent.fdel11-2.fna.fbcdn.net/v/t1.6435-9/s552x414/159169941_244005260762324_824356236086804939_n.jpg?_nc_cat=108&ccb=1-5&_nc_sid=b386c4&_nc_ohc=7vTTq2HSePIAX8Ai24I&_nc_ht=scontent.fdel11-2.fna&oh=0e5aa92faca68ad6d808896882e22db3&oe=61C00761,https://www.facebook.com/events/412418379818072/
0,Ottawa INTL CLASH,No Description given ,[],"Saturday, 8 October 2022 ", 21:00,04:00 EDT,NO,NO,"Ottawa, Ontario","Ottawa, Ontario",No website link,No ticket info,https://scontent.fdel11-2.fna.fbcdn.net/v/t1.6435-9/79356175_2708657009229230_5094016283196784640_n.jpg?_nc_cat=108&ccb=1-5&_nc_sid=b386c4&_nc_ohc=-jHl2LaMFjwAX-0iGDo&_nc_ht=scontent.fdel11-2.fna&oh=7cf8bed4fb6e21b340fe89177819d188&oe=61BC44D7,https://www.facebook.com/events/586641575486522/
0,Hamilton in Ottawa - Official,"This is the official event page for the Ottawa engagement of HAMILTON at the National Arts Centre. Patrons interested in the Ottawa engagement of HAMILTON should be wary of fraudulent sources of information online and elsewhere. For more information, please visit https://ottawa.broadway.com/help/#hamilton",['Theatre'],"Tuesday, 11 January 2022 ", 20:00,23:00 EST,NO,NO,No location given,No location given,No website link,No ticket info,https://scontent.fdel11-1.fna.fbcdn.net/v/t1.6435-9/p526x296/60043168_3189076494451347_2537649296191258624_n.jpg?_nc_cat=102&ccb=1-5&_nc_sid=b386c4&_nc_ohc=RlZSkn0dks0AX_j4t4S&_nc_ht=scontent.fdel11-1.fna&oh=ab3cdfcadab62c809e5f1a1995f880ce&oe=61BCFAA8,https://www.facebook.com/events/435169460391269/
0,Hamilton in Ottawa - Official,"This is the official event page for the Ottawa engagement of HAMILTON at the National Arts Centre. Patrons interested in the Ottawa engagement of HAMILTON should be wary of fraudulent sources of information online and elsewhere. For more information, please visit https://ottawa.broadway.com/help/#hamilton",['Theatre'],"Thursday, 13 January 2022 ", 20:00,23:00 EST,NO,NO,No location given,No location given,No website link,No ticket info,https://scontent.fdel11-2.fna.fbcdn.net/v/t1.6435-9/p526x296/59860444_3189080124450984_5623273197433520128_n.jpg?_nc_cat=103&ccb=1-5&_nc_sid=b386c4&_nc_ohc=ZFswdjqmxmkAX_fKzdE&_nc_ht=scontent.fdel11-2.fna&oh=be44251a2562cc24a0623a5ff5576fa6&oe=61BE43A7,https://www.facebook.com/events/452196895444779/
0,Ottawa New Years Eve Party 2021,No Description given ,[],"Friday, 31 December 2021 ", 22:00,02:00 EST,NO,NO,"Ottawa, Ontario","Ottawa, Ontario",No website link,No ticket info,https://scontent.fdel11-1.fna.fbcdn.net/v/t15.5256-10/p526x296/106421463_1182623152114416_6919251464187648837_n.jpg?_nc_cat=102&ccb=1-5&_nc_sid=ed1892&_nc_ohc=aT5i33EWF4AAX81Hpge&_nc_ht=scontent.fdel11-1.fna&oh=4fdd270f034b8e1b60f21b161a0b7fa2&oe=619DA475,https://www.facebook.com/events/2685308141534252/
0,Afrofest Ottawa 2021,"AfroFest Ottawa is a free, yearly Music and Arts festival that showcases the best of African culture and entertainment in the nation‚Äôs Capital.This festival gives all Canadians a chance to experience the beauty and wonder of African culture and expression. It promotes a sense of integration and representation for African Canadians, and celebrates a culture that is often misunderstood or undervalued.This festival highlights local artists who struggle to find opportunities to showcase themselves in the Ottawa music scene, and provides artisans of African fashion, goods and crafts with a chance to display their wares.There is also a place for authentic African cuisine food vendors and restaurants to promote their businesses, sample and sell their food.With live performances from both local and international artists, children's activities and fashion shows, this is a festival the whole family can enjoy.Last year was our first edition and because of the restrictions due to COVID-19, we had to produce an online festival.This year, we are happy to announce that we will be hosting a in person festival at our well known beach in OTTAWA ""Mooney's Bay"" on September 4TH and 5TH.Come have fun while discovering local talents and diverse African culture at our free festival.THIS IS A FREE FESTIVAL BUT PLEASE WATCH OUT FOR THE FREE TICKET LINK SO YOU CAN YOUR FREE TICKET TO THE FESTIVAL!!PS: If for any reason, social gathering ca","['Music', 'Online']","Saturday, 4 September 2021 ", 22:00,07:00 UTC+06about 2 months ago,NO,NO,YES,No location given,No website link,No ticket info,https://scontent.fdel11-2.fna.fbcdn.net/v/t39.30808-6/p235x350/237218941_153503780259827_7514346300178670504_n.jpg?_nc_cat=108&ccb=1-5&_nc_sid=b386c4&_nc_ohc=OdQokOTm7c4AX96ah-f&_nc_ht=scontent.fdel11-2.fna&oh=2a9ee468ff36a5eb1007a588c1b70122&oe=619DC0E1,https://www.facebook.com/events/421810739227135/
0,BADBADNOTGOOD - Ottawa,BADBADNOTGOOD: Talk Memory Tourand guests TBAlicensed 19+ - 7pm doorspublic onsale Fri Sep 14 at 10am here: https://bit.ly/3l8nvXa and at Vertigo Records at 11amFan Club presale Sep 14 10amSpotify presale Sept 15 10amspectrasonic presale Sept 16 10am(join our mailing list by emailing mailerATspectrasonicDOTcom for a passcode)presented with the support of Ontario Creates-----@spectrasonic on Instagram/Twitter/Facebook,"['Music', 'Online', 'Live video']","urday, 18 December 2021 ", 19:00 EST,NO,No,Yes,Online with Facebook Live,Online with Facebook Live,No website link,No ticket info,https://scontent.fdel11-1.fna.fbcdn.net/v/t39.30808-6/s526x296/242495264_100785799035153_3159136470840448015_n.jpg?_nc_cat=109&ccb=1-5&_nc_sid=b386c4&_nc_ohc=iM3w2ALYLo8AX_49C64&_nc_ht=scontent.fdel11-1.fna&oh=ea2609840a6d30847dd663c7b041efc5&oe=619DDB74,https://www.facebook.com/events/370177648167332/
0,Monster Spectacular - OTTAWA,"For complete presale listings please visit the applicable event page on canadiantirecentre.comSale Dates and Times:Public Onsale : Mon, 2 Dec 2019 at 10:00 AMCanadian Tire Centre Insider Presale : Thu, 28 Nov 2019 at 10:00 AMFamily Day Savings : Thu, 13 Feb 2020 at 10:00 AM",['Sports'],"urday, 28 May 2022 ", 19:00 EDT,NO,No,Yes,"Canadian Tire Centre1000 Palladium Drive, Ottawa, ON, Canada K2V 1A5","Canadian Tire Centre1000 Palladium Drive, Ottawa, ON, Canada K2V 1A5",No website link,via Ticketmaster,https://scontent.fdel11-2.fna.fbcdn.net/v/t1.6435-9/s640x640/84485452_3015201801844665_7205491934704435200_n.jpg?_nc_cat=107&ccb=1-5&_nc_sid=b386c4&_nc_ohc=B7FlowNMGN0AX8JTQ5C&_nc_ht=scontent.fdel11-2.fna&oh=3ef7c6900c78b42f63fd274e7af4b05f&oe=61BFF3DE,https://www.facebook.com/events/2417884688430144/
0,Afrofest Ottawa 2021,"AfroFest Ottawa is a free, yearly Music and Arts festival that showcases the best of African culture and entertainment in the nation‚Äôs Capital.This festival gives all Canadians a chance to experience the beauty and wonder of African culture and expression. It promotes a sense of integration and representation for African Canadians, and celebrates a culture that is often misunderstood or undervalued.This festival highlights local artists who struggle to find opportunities to showcase themselves in the Ottawa music scene, and provides artisans of African fashion, goods and crafts with a chance to display their wares.There is also a place for authentic African cuisine food vendors and restaurants to promote their businesses, sample and sell their food.With live performances from both local and international artists, children's activities and fashion shows, this is a festival the whole family can enjoy.Last year was our first edition and because of the restrictions due to COVID-19, we had to produce an online festival.This year, we are happy to announce that we will be hosting a in person festival at our well known beach in OTTAWA ""Mooney's Bay"" on September 4TH and 5TH.Come have fun while discovering local talents and diverse African culture at our free festival.THIS IS A FREE FESTIVAL BUT PLEASE WATCH OUT FOR THE FREE TICKET LINK SO YOU CAN YOUR FREE TICKET TO THE FESTIVAL!!PS: If for any reason, social gathering can't be happening on these dates, we will make sure to inform you in advance. ","['Art', 'Online']", 22:00 ‚Äì 6 Sep , 07:00 UTC+06about 2 months ago,NO,No,Yes,YES,No location given,No website link,No ticket info,https://scontent.fdel11-1.fna.fbcdn.net/v/t39.30808-6/p235x350/239290140_137859465198361_750061630231915947_n.jpg?_nc_cat=102&ccb=1-5&_nc_sid=b386c4&_nc_ohc=DRPsHr4XuKkAX-jkyHH&_nc_ht=scontent.fdel11-1.fna&oh=519987534f345ddead8cd66305b5cf56&oe=619E6EA7,https://www.facebook.com/events/316330330276662/
0,Classified - Ottawa,Live in Ottawa at Bronson Centre19+,['Music'],"clockFriday, 26 November 2021 ", 19:00 ESTNext Week ¬∑ -5‚Äì2¬∞C Snow Showers,NO,No,Yes,"Bronson Centre211 Bronson Ave, Ottawa, ON, Canada K1R 6H5","Bronson Centre211 Bronson Ave, Ottawa, ON, Canada K1R 6H5",No website link,www.showclix.com/event/classified-bronson/listing,https://scontent.fdel11-2.fna.fbcdn.net/v/t39.30808-6/p235x350/235965940_370724267757215_2521092115467963324_n.jpg?_nc_cat=108&ccb=1-5&_nc_sid=b386c4&_nc_ohc=w7va1S7kDHYAX9wwIu9&_nc_ht=scontent.fdel11-2.fna&oh=9a2b601804b41aa426b60b67083cc796&oe=619D2515,https://www.facebook.com/events/870367366957096/
0,Ottawa Comiccon 2021,"* En fran√ßais, d√©filer vers le bas*Ottawa Comiccon is a pop-culture fan convention that showcases artists and products from entertainment genres like: Sci-fi, Horror, Anime, Gaming in all its forms, and, of course, bande dessin√©e and comic books. It features a large array of exhibits with several companies demonstrating their wares and a few vehicles or set pieces from film or television are on display, a shopping experience like no other, aimed at fans that are looking for games, T-Shirts, comics, toys, statues, replicas and more collector items.Fans have the opportunity come to meet their favorite creators from the world of comics get their autographs, buy a sketch or thank them for their work. Additionally, one of the biggest draws, fans get to meet the personalities behind their favorite TV shows and movies. Celebrities participate in autograph sessions, photo opportunities and stage appearances that accommodate between 300 and 2000 fans.Fans are encouraged (but not obliged) to come dressed as their favourite pop culture characters, be they from movies, TV, video games or comics. It culminates at the Masquerade, the big costuming competition that brings in judges from across the globe, over 50 competitors, and close to 2000 fans to cheer them on when they hit the big stage.Over the course of three days, fans are treated to over 50 different panel discussions and workshops that help further promote comics, costuming, gaming and pop culture in general.*En fran√ßais*Le Comiccon d'Ottawa est un √©v√©nement destin√© aux amateurs de culture populaire √† l‚Äôoccasion duquel ces derniers ont la chance de rencontrer des artistes et de voir un large √©ventail de produits issus de l‚Äôunivers du divertissement : science-fiction, horreur, anime, jeux vid√©o sous toutes leurs formes et, bien s√ªr, bandes dessin√©es et comic books. On y trouve une grande diversit√© d‚Äôexposants, notamment des entreprises qui y pr√©sentent leurs marchandises, ainsi que des v√©hicules ou d‚Äôautres √©l√©ments marquants de films ou de s√©ries t√©l√©vis√©es. Il s‚Äôagit d‚Äôune occasion unique pour les collectionneurs de trouver le tee-shirt, le comic book, le jouet, la figurine, ou la r√©plique dont ils r√™vent.Les aficionados de comic books et de bandes dessin√©es ont quant √† eux la chance de rencontrer leurs artistes pr√©f√©r√©s, de demander leur autographe, d‚Äôacheter un dessin ou de les remercier pour leur travail. L‚Äôun des points marquants de l‚Äô√©v√©nement est certes la possibilit√© pour les visiteurs de rencontrer les artisans m√™mes de leur √©mission de t√©l√© ou de leur film pr√©f√©r√©. Les vedettes participent √† des s√©ances de photo et de signature d‚Äôautographes, et donnent des conf√©rences accueillant de 300 √† 2 000 personnes.On encourage les visiteurs (sans les obliger, toutefois) √† se costumer sous les traits de leur ic√¥ne de la culture populaire pr√©f√©r√©e (cin√©ma, t√©l√©, jeu vid√©o ou comic book, par exemple). Le d√©fil√© de costumes atteint son apog√©e lors de la mascarade, grand concours de costumes pr√©sid√© par des juges venus des quatre coins du monde qui notent plus de 40 concurrents devant les encouragements de pr√®s de 2 000 amateurs r√©unis pour l‚Äôoccasion.Pendant les trois jours de l‚Äô√©v√©nement, les visiteurs sont invit√©s √† plus de 50 groupes de discussion et ateliers visant la promotion des comic books, des costumes, des jeux vid√©o et de la culture populaire en g√©n√©ral.","['Literature', 'Online']", 12:00 ‚Äì 12 Sep , 17:00 EDTabout 2 months ago,NO,No,Yes,YES,No location given,No website link,No ticket info,https://scontent.fdel11-1.fna.fbcdn.net/v/t1.6435-9/s720x720/180015946_111185871124249_6098774204104786962_n.jpg?_nc_cat=109&ccb=1-5&_nc_sid=b386c4&_nc_ohc=nScosounnMwAX-GYg9J&_nc_ht=scontent.fdel11-1.fna&oh=54066fe60861d7aca2cdba9d638a5657&oe=61BE2250,https://www.facebook.com/events/1111894682643321/
0,Leprechaun Stumble - Team 4 - Ottawa,No Description given ,[],"Thursday, 17 March 2022 ", 16:00,20:00 EDT,NO,NO,"Ottawa, Ontario","Ottawa, Ontario",No website link,bit.ly/mattleprechaunstumble,https://scontent.fdel11-1.fna.fbcdn.net/v/t15.5256-10/p526x296/81718888_2738494752936398_2813487695261597696_n.jpg?_nc_cat=104&ccb=1-5&_nc_sid=ed1892&_nc_ohc=oCt09rtrpswAX9QGBlp&_nc_ht=scontent.fdel11-1.fna&oh=df926e3303e3da40e00e40ca1e727cf3&oe=619E190A,https://www.facebook.com/events/487462545410795/
0,Ottawa & District Labour Council,"5 FilmsDo Nothing And Do it WellThe true story of Melbourne's radical Chinese cabinetmakers whose militant union defied racial stereotypes and struck fear into the White Australian establishment.Treaty Walk - A Journey for Common GroundThe film follows a group of Indigenous elders, Healthcare Workers, and others as they embark on a two week long walking journey from Edmonton, Alberta/Treaty 6 Territory to Calgary, Alberta/Treaty 7 Territory to explore together what it means to be treaty people, working and living on common ground.Mixi""CHAKKI""ÔøΩ ('MIXI' in English/ 'MIXEUR' in french) is an UNRELEASED film entirely made using ""SEEDS"". Real PULSES & GRAMS & SPROUTS were used in motion to create scenarios as a metaphorical representation of GROWTH & FUTURE of a nation and shows the ""DARK REALITY"" behind your favourite DISH.A Highrise Laundry Room Within the laundry room's common space, six housekeeper gradually share their own highly personal stories.People Show1 38: Last dayA short dreamlike drama about power, loss and loyalty. People Show 138: Last Day, follows HR manager Sidney, who after thirty years of working at an industrial sock factory faces a challenging dilemma that could affect the livelihood of his employees.","['Film', 'Online']","clockFriday, 19 November 2021 ", 19:00 EST7 hours ago,NO,No,Yes,YES,No location,https://watch.eventive.org/cliff2021/play/618559ec5d1f9400774a73aa/6122c2f69a1bc300c6509ef2,No ticket info,https://scontent.fdel11-1.fna.fbcdn.net/v/t39.30808-6/p526x296/250933788_10165679814970627_418768916912321900_n.jpg?_nc_cat=111&ccb=1-5&_nc_sid=b386c4&_nc_ohc=LhscdBA-mU0AX-jZQ9f&_nc_ht=scontent.fdel11-1.fna&oh=265ce8eb4bacb2d71206cbce72827fe7&oe=619E4B4F,https://www.facebook.com/events/597138951496230/
0,Cleopatrick - Ottawa,"Cleopatrick release their debut album Bummer with homies Zig Mentality and Ready The PrinceAll Ages admitted, 19+ w/ photo ID to drink - 7pm doorsOVER 50% SOLD OUT!!!tickets on sale NOW here: https://bit.ly/3fT0plYpresented by Rebel 101.7 and spectrasonicsupported by Ontario Creates-----@spectrasonic on Instagram/Twitter/Facebook","['Music', 'Online', 'Live video']", 19:00 ‚Äì 5 Dec , 09:00 EST,NO,No,Yes,Online with Facebook Live,Online with Facebook Live,No website link,No ticket info,https://scontent.fdel11-2.fna.fbcdn.net/v/t1.6435-9/p526x296/199091597_109423044712194_3004067685968183698_n.jpg?_nc_cat=105&ccb=1-5&_nc_sid=b386c4&_nc_ohc=lHXIL4UCD04AX9O5z8S&_nc_ht=scontent.fdel11-2.fna&oh=2548d88742898969dd9ef7b89919fd76&oe=61BC7415,https://www.facebook.com/events/181225587272036/
0,Hamilton in Ottawa - Official,"This is the official event page for the Ottawa engagement of HAMILTON at the National Arts Centre. Patrons interested in the Ottawa engagement of HAMILTON should be wary of fraudulent sources of information online and elsewhere. For more information, please visit https://ottawa.broadway.com/help/#hamilton",['Theatre'],"Saturday, 22 January 2022 ", 14:00,17:00 EST,NO,NO,No location given,No location given,No website link,No ticket info,https://scontent.fdel11-1.fna.fbcdn.net/v/t1.6435-9/p526x296/60324355_3189105254448471_5972128892394143744_n.jpg?_nc_cat=102&ccb=1-5&_nc_sid=b386c4&_nc_ohc=QjW7j0S76G8AX-0HOlj&_nc_ht=scontent.fdel11-1.fna&oh=19d20dfc60e3ec920a0f050ac028beff&oe=61BE0BB4,https://www.facebook.com/events/453661722067511/
0,Virtual Ottawa Centre Group,"VIRTUAL MEETING - ONLINE ONLY at our regular date/time of 7 PM on the 2nd Tuesday of the month.Meeting For: Everyone welcome: parents and supportersEmail lllc.ottawacentre@gmail.com for meeting joining details.You are always welcome to attend LLLC meetings before and after you have welcomed your baby. Bring your breastfeeding/chestfeeding questions and concerns, talk about your joys and challenges or come and just listen. Babies and young children are always welcome, All La Leche League Canada Leaders are volunteers. They are experienced breastfeeding/chestfeeding parents who have been accredited to provide up-to-date breastfeeding/chestfeeding information, encouragement and support.","['Health', 'Child-friendly', 'Online']",clock14 Dec , 19:00 ‚Äì 20:30 ¬∑ EDT,NO,No,Yes,No location given,No location given,No website link,No ticket info,https://scontent.fdel11-1.fna.fbcdn.net/v/t39.30808-6/p526x296/240943724_2755472501411772_3242897654154150897_n.jpg?_nc_cat=111&ccb=1-5&_nc_sid=b386c4&_nc_ohc=dr0kwQucvXUAX87PS_0&_nc_oc=AQkVCDvaNGLsuyI3QIa1rW6aluHr-zgcsqgpCD4AJYWdOgU1qKF22SdR6w35F4wEDAAw8uxzeTSwAC_Duu6Jdmup&_nc_ht=scontent.fdel11-1.fna&oh=e96542ff2e441c2d89ac294459fd5d45&oe=619E7A3D,https://www.facebook.com/events/377865703814834/
0,Virtual Ottawa Saturday Couples Group meeting,"While we are physically distancing to protect ourselves from COVID-19, Group meetings will be held online. Email susan.wheat@lllc.ca for the virtual meeting link.Have breastfeeding questions but can't attend a meeting? Help is also available by phoning the Ottawa Chapter helpline at 613-238-5919 (leave a message and a Leader will call you back).","['Health', 'Online']","Saturday, 20 November 2021 ", 10:00,11:30 ESTStarts in about 8 hours,NO,NO,YES,No location given,No website link,No ticket info,https://scontent.fdel11-1.fna.fbcdn.net/v/t39.30808-6/p526x296/245934596_2789016418057380_178905139058585366_n.jpg?_nc_cat=102&ccb=1-5&_nc_sid=b386c4&_nc_ohc=RdpVYzFp3Y0AX-y4exy&_nc_ht=scontent.fdel11-1.fna&oh=856c40175a3382d867f05e5ccad70a7a&oe=619E3860,https://www.facebook.com/events/2980255805520069/
0,Hamilton in Ottawa - Official,"This is the official event page for the Ottawa engagement of HAMILTON at the National Arts Centre. Patrons interested in the Ottawa engagement of HAMILTON should be wary of fraudulent sources of information online and elsewhere. For more information, please visit https://ottawa.broadway.com/help/#hamilton",['Theatre'],"Tuesday, 4 January 2022 ", 20:00,23:00 EST,NO,NO,No location given,No location given,No website link,No ticket info,https://scontent.fdel11-1.fna.fbcdn.net/v/t1.6435-9/p526x296/60347198_3189054191120244_5679192816928948224_n.jpg?_nc_cat=109&ccb=1-5&_nc_sid=b386c4&_nc_ohc=G8Q_DIvsVOUAX8GnXw2&_nc_ht=scontent.fdel11-1.fna&oh=8ed0466cfe5a21b14b08ccd19369ae70&oe=61BF0146,https://www.facebook.com/events/2192782547468914/
0,Hamilton in Ottawa - Official,"This is the official event page for the Ottawa engagement of HAMILTON at the National Arts Centre. Patrons interested in the Ottawa engagement of HAMILTON should be wary of fraudulent sources of information online and elsewhere. For more information, please visit https://ottawa.broadway.com/help/#hamilton",['Theatre'],"Thursday, 6 January 2022 ", 20:00,23:00 EST,NO,NO,No location given,No location given,No website link,No ticket info,https://scontent.fdel11-2.fna.fbcdn.net/v/t1.6435-9/p526x296/60226918_3189058967786433_6279780771355951104_n.jpg?_nc_cat=110&ccb=1-5&_nc_sid=b386c4&_nc_ohc=_1gF57cCUukAX84Oo8V&_nc_ht=scontent.fdel11-2.fna&oh=f0db7743f33d394c7e4293d0c8c8d165&oe=61BF77B9,https://www.facebook.com/events/2855376918021050/
0,Lordia Restaurant - Ottawa's Event,No Description given ,[],"urday, 9 October 2021 ", 22:00 EDTabout 1 month ago,NO,No,Yes,Online with Facebook Live,Online with Facebook Live,No website link,No ticket info,https://scontent.fdel11-1.fna.fbcdn.net/v/t39.30808-6/p526x296/243833117_109159724867962_3763058251718064113_n.jpg?_nc_cat=101&ccb=1-5&_nc_sid=b386c4&_nc_ohc=IGUgjq7fsJMAX-_AjB_&_nc_ht=scontent.fdel11-1.fna&oh=05a8e2efecad13701d37f3c95b20c714&oe=619CE179,https://www.facebook.com/events/445969463519066/
0,Ottawa Grassroots Festival FUNdraiser,"Ottawa Grassroots Festival Presents:Cooking with KoreyFollowed by a concert featuring:Shawna Caspi & Ian TamblynKorey Kealey will be teaching a cooking class in the beautiful kitchen at Chef's Paradise on Bank StThe cooking class will be followed by a concert featuring Shawna Caspi & Ian Tamblyn Cooking with Korey begins at 6:00PM - A menu and list of ingredients will be available prior to the eventThe concert featuring Shawna Caspi & Ian Tamblyn begins at 7:30PM - Enjoy your freshly cooked meal while you watch the showThis is a Virtual Event, both events will be broadcasted live via ZoomThis is a fundraiser to raise money for the 10th year anniversaryof Ottawa Grassroots Festival, April 21 - 24, 2022 You have the option to purchase tickets for the Cooking Show which includes access to the concert or purchase tickets for only the concert portion of this special eventTickets for Cooking with Korey (includes concert): sliding scale, $50 minimum (pay what you can)Tickets for Concert only: sliding scale, $15 minimum (pay what you can)Tickets: https://www.eventbrite.ca/e/205201833207Ticket prices do not include GST or admin feesThis event will include American Sign Language (ASL) sponsored byThe Union of Postal Communications EmployeesASL Interpretation provided by Kathleen Henderson and Carmelle CacheroWe hope to see you there!#ASL #Accessibility #Food #Music #OttawaLife #Community","['Music', 'Online']","Saturday, 27 November 2021 ", 18:00,21:00 ESTNext Week,NO,NO,YES,No location given,No website link,www.eventbrite.ca/e/205201833207,https://scontent.fdel11-2.fna.fbcdn.net/v/t39.30808-6/s640x640/257436871_4590665827682062_8711038661752581051_n.jpg?_nc_cat=107&ccb=1-5&_nc_sid=b386c4&_nc_ohc=3ZHmb8XTsR0AX9Hkm6R&_nc_ht=scontent.fdel11-2.fna&oh=648cfbbb7a325a1e972fec2b7aa8b0ee&oe=619E40A4,https://www.facebook.com/events/3709687092589767/
0,Afrobeach Party Ottawa Free Entry,"The capital city is about to experience its first AFRO-BEACH PARTY. More info coming. Click going to get more information and free pass info. What to expect:- Live DJ's on stage- Live performance- Food- Drinks- GamesFor more information and collaborations, contact HYPE NATION EVENT | hypenationcanada1@gmail.com | Whatsapp Amenities:Washrooms and change roomsPay parking (7 am to 6 pm)Seasonal parking passes available at the Terry Fox Field House ‚Äì 2960 Riverside DrCanteenPicnic tables and barbecue pitsTennis courts and play structures",['Party'],"Saturday, 20 August 2022 ", 12:00,18:00 EDT,NO,NO,"Mooneys Bay BeachOttawa, ON, Canada","Mooneys Bay BeachOttawa, ON, Canada",No website link,No ticket info,https://scontent.fdel11-2.fna.fbcdn.net/v/t1.6435-9/p235x350/82257280_175854657121769_5065709888915636224_n.jpg?_nc_cat=108&ccb=1-5&_nc_sid=b386c4&_nc_ohc=Gog0T9Tc6NwAX8FkYDo&_nc_ht=scontent.fdel11-2.fna&oh=d4a13deb5bb98191cc23fd20d384e15e&oe=61BDE053,https://www.facebook.com/events/506036616704481/
0,UNITY FIELD HEALING ONLINE PRACTITIONER TRAINING - OTTAWA (EST),No Description given ,[], 09:00 ‚Äì 21 Nov , 18:00 ESTStarts in about 7 hours,NO,No,Yes,YES,No location,https://unityfieldproductionsinc.regfox.com/ufh-practitioner-training-november-ottawa,No ticket info,https://scontent.fdel11-1.fna.fbcdn.net/v/t39.30808-6/p526x296/226507775_4534834593234654_1790117924047771091_n.jpg?_nc_cat=100&ccb=1-5&_nc_sid=b386c4&_nc_ohc=r1FozbUXqFoAX-YwN5S&_nc_ht=scontent.fdel11-1.fna&oh=2941ad1cc9b18ec8efac3240f4a90ef1&oe=619E15C8,https://www.facebook.com/events/541906743604234/
0,Ottawa Artisans -Happy Holidays Virtual Market,get all your shopping taken care of with Ottawa Atisans- we will be there.   https://www.facebook.com/107078904151368/posts/398775911648331/,"['Online', 'Live video']", 18:00 ‚Äì 16 Nov , 21:00 ESTabout 1 week ago,NO,No,Yes,Online with Facebook Live,Online with Facebook Live,No website link,No ticket info,https://scontent.fdel11-2.fna.fbcdn.net/v/t39.30808-6/p480x480/245241978_1495207457539148_2470420237956416730_n.jpg?_nc_cat=108&ccb=1-5&_nc_sid=b386c4&_nc_ohc=ccvf4sSPCsoAX-xFaqZ&_nc_ht=scontent.fdel11-2.fna&oh=f3ebb104ce92560b33296ef23b22007b&oe=619D961A,https://www.facebook.com/events/829006864401310/
0,Downtown Ottawa Christmas Open House,"Join Downtown Ottawa businesses for a special Christmas Open House event!  Many shops will offer unique items for sale, refreshments, drawings, and more to ring in the Christmas season!  Friday 10-5 & Saturday 10-3Shopping Local is the one of the best ways to find UNIQUE items you can't find anywhere else...it's also an awesome way to support your local economy!! See how much local shopping you can accomplish before Thanksgiving and find the best selection by shopping early!",['Shopping'], 10:00 ‚Äì 20 Nov , 15:00 CSTHappening Now,NO,No,Yes,Downtown Ottawa Kansas,Downtown Ottawa Kansas,No website link,No ticket info,https://scontent.fdel11-2.fna.fbcdn.net/v/t39.30808-6/p526x296/258143646_267198682090354_2734914349186338056_n.jpg?_nc_cat=110&ccb=1-5&_nc_sid=b386c4&_nc_ohc=ffEGbOW2aaMAX9apAqk&_nc_ht=scontent.fdel11-2.fna&oh=1277f8850daee4f7351332cf678ce209&oe=619E2ABE,https://www.facebook.com/events/617230979409694/
0,"Greater Ottawa Virtual Job Fair- November 25th, 2021","MEET ONLINE WITH HIRING COMPANIES FROM OTTAWALOOKING FOR WORK? DO NOT MISS!Employers are hiring Candidates from Ottawa only.This Virtual Job Fair connects candidates and hiring companies from across Southeastern Ontario (Ottawa, Gatineau, Kanata, Cornwall, Kingston, Belleville, Brockville, Gananoque, Nepeans, Orleans, Rideau, Osgoode, Prescott, Rockland, Russell, Smiths Falls, Stormont, Renfrew, Leeds, etc.)WHEN: Thursday, November 25th, 2021 |  TIME: 1 pm - 4 pm (EST)ONLINE EVENT: https://bit.ly/3aeozUBUPCOMING DATES:  January 26th, March 17th, May 26th, 2022.LIST OF EXHIBITORS: Will be posted 24 hours prior the Job Fair.Apply Now to Jobs Posted by Exhibitors: https://bit.ly/3r5GXp3FREE ADMISSION FOR JOB SEEKERSEMPLOYER REGISTRATION: https://bit.ly/2AgoUYfEMPLOYER SOLICITATION IS NOT ALLOWED AT THE JOB FAIR.Check our Past Job Fairs: https://bit.ly/2B2FY4mVisit our website www.jobscanadafair.com for more information.","['Networking', 'Job fair', 'Career']",clock25 Nov , 13:00 ‚Äì 16:00 ¬∑ EST,NO,No,Yes,No location given,No location given,No website link,bit.ly/3aeozUB,https://scontent.fdel11-1.fna.fbcdn.net/v/t39.30808-6/p280x280/245009591_4472994066115661_2183997403930313632_n.jpg?_nc_cat=102&ccb=1-5&_nc_sid=b386c4&_nc_ohc=LsFBu1p7P0kAX8IRAoL&_nc_ht=scontent.fdel11-1.fna&oh=5d87bdfe254db75aecc6b456518cf680&oe=619E42A7,https://www.facebook.com/events/384984649168546/
0,OCan21 : Ottawa Canadian Film Festival 2021,"Check the Discussion tab aboveüëÜüèΩweb: https://ocanfilmfest.ca Due to the ongoing COVID-19 pandemic and out of an abundance of caution, this year's festival will take place online on Vimeo's On-Demand platform from November 12 to 21, 2021.Here are this year's official selections.Blue Hour, Jesse Pickett (Red Deer, AB)Camp Tipsy, Jana Stackhouse (Toronto, ON)Company Town, Peter Findlay (Toronto, ON)Curbside Pickup, Hingman Leung (Ottawa, ON)The Debate, Allison Elizabeth Burns (Ottawa, ON)The Flexed Arm Hang, Findlay Brown (Winnipeg, MB)I'll See You Later, Bruce McAllister & Jesse Nakano (Chestermere, AB)LUNE, Aviva Armour-Ostroff & Arturo Perez Torres (Toronto, ON)Mute, Constance Hilton (Toronto, ON)My Tree, Jason Sherman (Toronto, ON)Parallel Minds, Benjamin Ross Hayden (Calgary, AB)Pinball & Perogies, Sammy J. Lewis (Ottawa, ON)Seeking Oblivion, Brent Baird (London, ON)What Flowers They Bloom, C. Hudson Hwang (Toronto, ON)","['Art', 'Online']", 00:00 ‚Äì 21 Nov , 23:59 ESTHappening Now,NO,No,Yes,YES,No location,https://ocanfilmfest.ca/,No ticket info,https://scontent.fdel11-2.fna.fbcdn.net/v/t39.30808-6/s526x296/242330942_4169468293122744_3699855931061035511_n.jpg?_nc_cat=106&ccb=1-5&_nc_sid=b386c4&_nc_ohc=hlXVa2C_1G4AX_dJans&_nc_ht=scontent.fdel11-2.fna&oh=9b43f6f0ee007b35945a8b89b6535ed5&oe=619E7488,https://www.facebook.com/events/193913639500505/
0,Ottawa Santa Shuffle 2021,"Every year, Santa Shuffle brings passionate individuals from across the country to support vulnerable Canadians and the work of The Salvation Army.This year will be no exception. We are excited to announce that Santa Shuffle will be staying virtual this year to bring everyone together for a meaningful, fun and safe 5 K fun run or 1K elf walk between December 4th to 5th, 2021. Funds will go to The Salvation Army Bethany Hope Centre programs and services for young parent families.Don‚Äôt forget to dress up in your  Christmas outfit for your run/walk and spread the joy and festivities of the season with your community online using #santashuffleottRegister Today at www.santashuffle.ca Stay tuned for more details about social media contests this year including Best Dressed competitions for individuals, groups and pets! You can learn more about this year's contests at https://www.santashuffle.ca/awards/ ","['Causes', 'Online']", 10:30 ‚Äì 5 Dec , 00:00 EST,NO,No,Yes,YES,No location,https://www.santashuffle.ca/,No ticket info,https://scontent.fdel11-2.fna.fbcdn.net/v/t39.30808-6/s526x296/241088388_4651549764876484_5831308489529954012_n.jpg?_nc_cat=103&ccb=1-5&_nc_sid=b386c4&_nc_ohc=0PvHr-hLGwQAX94Zaqg&_nc_oc=AQlL7JGn-HaGRjOvFWnP8NCfktoscRzfrMlXmMXW9pVBEe49sM8fzM7WPZ96GqMQ82B7OAnXUfMGEJlUwZmuD1n7&_nc_ht=scontent.fdel11-2.fna&oh=129bfa6eb83e8607e41c994e5133e9f2&oe=619D89A9,https://www.facebook.com/events/419226886200118/
0,OTTAWA: Decent work organizing meeting,"Let's get organized in Ottawa to fight for: - A $20 minimum wage; - At least 10 employer-provided paid sick days; - Equal pay for part-time, contract & temp agency workers; - An end to misclassification and real protections for gig workers; and - So much more!  We'll meet online using Zoom to plan out next steps. Don't forget to RSVP to receive the Zoom link:https://www.justice4workers.org/ottawa_decent_work_organizing_meeting_nov23See you there!","['Causes', 'Online']","Tuesday, 23 November 2021 ", 18:30,20:00 ESTNext Week,NO,NO,YES,No location,https://www.justice4workers.org/ottawa_decent_work_organizing_meeting_nov23,No ticket info,https://scontent.fdel11-2.fna.fbcdn.net/v/t39.30808-6/s526x296/254767962_116194907529437_8076084046772130653_n.jpg?_nc_cat=103&ccb=1-5&_nc_sid=b386c4&_nc_ohc=NeDzIQ97dSQAX9qTIxh&_nc_ht=scontent.fdel11-2.fna&oh=0e4900e0205752fde95dc0a21c2a02a9&oe=619CB213,https://www.facebook.com/events/933763453894885/
0,Hamilton in Ottawa - Official,"This is the official event page for the Ottawa engagement of HAMILTON at the National Arts Centre. Patrons interested in the Ottawa engagement of HAMILTON should be wary of fraudulent sources of information online and elsewhere. For more information, please visit https://ottawa.broadway.com/help/#hamilton",['Theatre'],"Sunday, 16 January 2022 ", 19:30,22:30 EST,NO,NO,No location given,No location given,No website link,No ticket info,https://scontent.fdel11-2.fna.fbcdn.net/v/t1.6435-9/p526x296/59981578_3189090134449983_509911402283008_n.jpg?_nc_cat=107&ccb=1-5&_nc_sid=b386c4&_nc_ohc=738EqWGqCoIAX8aa45x&_nc_ht=scontent.fdel11-2.fna&oh=bbb290e4de99801fb541c678893b1e78&oe=61BC84BE,https://www.facebook.com/events/416099615890363/
0,Luke Combs Ottawa,"Luke Combs' Canadian Tour 2022 with Riley Green and Chayce Beckham. Tickets on sale Friday, September 24 at 10 AM local venue time. Pre-sale registration info available at https://www.lukecombs.com/bootlegger-membership/. ","['Music', 'Online']","Thursday, 24 March 2022 ", 19:00,23:30 EDT,NO,NO,YES,No location given,No website link,No ticket info,https://scontent.fdel11-2.fna.fbcdn.net/v/t39.30808-6/s526x296/242626617_195610472640033_9207895035715275343_n.jpg?_nc_cat=106&ccb=1-5&_nc_sid=b386c4&_nc_ohc=4mzawXQShUMAX-IHlh7&_nc_oc=AQl_viozgSrZFITf31ZHdCh5_PEGwW2RAdwFYwCMVUNU1UtD9qiXnRioS2lO6vCgvvu0IBKryXVOUVyEBiCKDhGa&_nc_ht=scontent.fdel11-2.fna&oh=f5436ab3a5fdb4d0e8b16866bcbced2e&oe=619D9789,https://www.facebook.com/events/295579602372575/
0,Constance Bay Dragon Boat Festival- Ottawa River Canoe Club,No Description given ,[],"Saturday, 18 September 2021 ", 09:00,14:00 EDTabout 2 months ago,NO,NO,YES,No location given,No website link,No ticket info,NO Image Url ,https://www.facebook.com/events/209876723971326/
0,Ottawa Public Speakers,Improve your leadership and communications skills. Join our team to learn key strategies that will help you to make your speeches more effective and powerful! ,"['Networking', 'Online']","Friday, 20 August 2021 ", 19:30,21:00 EDTabout 3 months ago,NO,NO,YES,No location given,No website link,No ticket info,https://scontent.fdel11-2.fna.fbcdn.net/v/t39.30808-6/p526x296/237000643_126892506332913_6600601556371056701_n.jpg?_nc_cat=106&ccb=1-5&_nc_sid=b386c4&_nc_ohc=LoDK_PYwN1AAX9SqcgE&_nc_ht=scontent.fdel11-2.fna&oh=0af4044359c82a2572d184581522aad8&oe=619E7D1A,https://www.facebook.com/events/205306754814851/
0,Ottawa Improv Jam,"It's time for another Ottawa improv jam! Everyone is welcome. We'll start with a warm-up exercise, and then jump straight into longform.If you haven‚Äôt done virtual improv before, don't worry about it! I'll explain everything as we go. If you don't like doing virtual improv, don't worry about it! Come anyway to watch.Let me know by Sunday (Aug 15th) if you'd like to play or just watch. The jam will be taking place on Zoom. You'll need a computer, an internet connection, headphones, earbuds, or a quiet space.As always, we‚Äôre all responsible for creating a safe, inclusive space. Play to your highest intelligence and punch up.",['Online'],"clockMonday, 16 August 2021 ", 19:00 EDTabout 3 months ago,NO,No,Yes,YES,No location given,No website link,No ticket info,https://scontent.fdel11-2.fna.fbcdn.net/v/t39.30808-6/s600x600/236721786_10101479269070946_4667225512835863418_n.jpg?_nc_cat=105&ccb=1-5&_nc_sid=b386c4&_nc_ohc=mdGkLkuygo0AX8mbjFS&_nc_ht=scontent.fdel11-2.fna&oh=3cd2530e68e27f26ad10e0f37fb73c4b&oe=619CF195,https://www.facebook.com/events/1344787275922971/
0,Ottawa Improv Jam,"It's time for another Ottawa improv jam! Everyone is welcome. We'll start with a warm-up exercise, and then jump straight into longform.If you haven‚Äôt done virtual improv before, don't worry about it! I'll explain everything as we go. If you don't like doing virtual improv, don't worry about it! Come anyway to watch.The jam will be taking place on Zoom. The link for the event will be sent out on September 15th.As always, we‚Äôre all responsible for creating a safe, inclusive space. Play to your highest intelligence and punch up.",['Online'],"Thursday, 16 September 2021 ", 19:00,20:15 EDTabout 2 months ago,NO,NO,YES,No location given,No website link,No ticket info,https://scontent.fdel11-2.fna.fbcdn.net/v/t39.30808-6/p235x350/241741723_10101490434151036_240085172328773628_n.jpg?_nc_cat=107&ccb=1-5&_nc_sid=b386c4&_nc_ohc=MAuYcVyBn4gAX_CqEJ5&_nc_ht=scontent.fdel11-2.fna&oh=2a8dbf853d095886b715642e15fcee2d&oe=619DFC47,https://www.facebook.com/events/345872343987410/
0,Ottawa Free Virtual Zoom + Twitch Party,"Online Virtual Party | Zoom + Twitch @ Club Virtual | Sat Aug 1---Refer to your city times at the bottom---Club Virtual provides a FREE virtual Zoom party space for everyone to join with other party goers experiencing a high energy, engaging and lighthearted pleasure. We also have our DJs live streaming a mix of Mainstream, Club Anthems, EDM/House, Hip Hop & Reggaeton music on our Twitch!The Concept is Simple:‚Ä¢ Participants will be able to access the virtual party with their webcams through our private Zoom Room, while we live stream our DJ through Twitch at www.twitch.tv/insideclubvirtual ‚Ä¢ Everyone will see everyone on Zoom. You will have the ability to engage in messages & mingle with others on both Zoom/Twitch! Zoom will be muted with no sound, for sound you listen to our DJ on Twitch.‚Ä¢ You recreate a nightclub at home: Wear your best outfits! Light up your room: blacklights, Christmas lights, etc. Make yourself a drink & get ready to party!‚Ä¢ Be prepared for fun contests & challenges throughout the night on Zoom. Time to shine! Show your best dance moves to thousands of participants!Tickets for our private Zoom room & Twitch Stream will be FREE as long as you register for your free pass! Follow us on instagram @insideclubvirtualWe are accepting donations to help us continue doing FREE events for everyone instead of ticketed. So please donate whatever you can, be it $1, $2, $5, less or more. (Donations will help us cover costs to keep these events free)CLICK THE LINK TO RESERVE YOUR FREE TICKETS & FOR DONATIONS. LIMITED SPOTS AVAILABLE @:  www.CVirtual2020.eventbrite.com*Instructions will be emailed to you & posted on our event page on the day of the event. All you have to do is join our Zoom Room (Room ID provided day of event) & Follow our twitch page: www.twitch.tv/insideclubvirtualClub Virtual events are not available to persons under the age of 18 or the age of legal majority in your jurisdiction of residence. By purchasing a ticket & entering the video conference, you agree to being of age & agree to Club Virtual‚Äôs Privacy Policy/Terms of servicesCity Event Start/End Times - Local Time7PM-10PM (PDT) - Vancouver, LA, San Francisco8PM-11PM (MDT) - Edmonton, Calgary, Saskatchewan9PM-12AM (CT) - Winnipeg10PM-1AM (EDT/EST) - Ottawa, Quebec, Montreal, New York, Miami, Boston, Toronto11PM-2AM (ADT) - Halifax, New Brunswick-----------Follow us on Instagram: @insideclubvirtual | www.instagram.com/insideclubvirtualFollow us on Facebook: www.facebook.com/insideclubvirtualFor any questions or for sponsorship info please email us at info@insideclubvirtual.com ",['Party'],"Saturday, 4 September 2021 ", 21:00,00:00 EDTabout 2 months ago,NO,NO,"Ottawa, Ontario","Ottawa, Ontario",No website link,No ticket info,https://scontent.fdel11-1.fna.fbcdn.net/v/t1.6435-9/p280x280/116876255_155094616174495_3776493694013534257_n.jpg?_nc_cat=102&ccb=1-5&_nc_sid=b386c4&_nc_ohc=cFDlA62Z1Y0AX_-3l33&_nc_oc=AQmz9YbwwX6-RdTDq29umVDCM-zpwrr2oMgtmuaSOr56RmwMn2utxEdeH6n60mWlB0II2kVzKCJOaFNEQEClO_9G&_nc_ht=scontent.fdel11-1.fna&oh=394efb2edf7b31c34b174510d0e58a91&oe=61BE80A4,https://www.facebook.com/events/775909176551134/
0,Hamilton in Ottawa - Official,"This is the official event page for the Ottawa engagement of HAMILTON at the National Arts Centre. Patrons interested in the Ottawa engagement of HAMILTON should be wary of fraudulent sources of information online and elsewhere. For more information, please visit https://ottawa.broadway.com/help/#hamilton",['Theatre'],"Saturday, 15 January 2022 ", 20:00,23:00 EST,NO,NO,No location given,No location given,No website link,No ticket info,https://scontent.fdel11-1.fna.fbcdn.net/v/t1.6435-9/p526x296/59939700_3189087094450287_5380621516738134016_n.jpg?_nc_cat=104&ccb=1-5&_nc_sid=b386c4&_nc_ohc=I_U66CJuIQ8AX9znTWH&_nc_ht=scontent.fdel11-1.fna&oh=13bd771142e66e3019a06bbadd82ab6c&oe=61BD4B57,https://www.facebook.com/events/445070129601352/
0,Hamilton in Ottawa - Official,"This is the official event page for the Ottawa engagement of HAMILTON at the National Arts Centre. Patrons interested in the Ottawa engagement of HAMILTON should be wary of fraudulent sources of information online and elsewhere. For more information, please visit https://ottawa.broadway.com/help/#hamilton",['Theatre'],"Sunday, 9 January 2022 ", 19:30,22:30 EST,NO,NO,No location given,No location given,No website link,No ticket info,https://scontent.fdel11-2.fna.fbcdn.net/v/t1.6435-9/p526x296/59975924_3189074191118244_6034110875407745024_n.jpg?_nc_cat=105&ccb=1-5&_nc_sid=b386c4&_nc_ohc=9elwOVNahHoAX9HyI4X&_nc_ht=scontent.fdel11-2.fna&oh=bcb2fbdf2b2988b952aa0da255f6a919&oe=61BCB631,https://www.facebook.com/events/417125635737525/
0,Ottawa Celtic Choir - Rehearsals for November,"Join the choir rehearsal from the comfort of your home!We understand not everyone feels safe to participate in live rehearsals again, so we are offering this option for those who would like to participate from home. You can log in to rehearsal via Zoom to hear the practice, follow along and sing from the comfort of your own home. And once things are a bit safer, we hope you'll consider joining us at St. John's if you can!","['Music', 'Online']",clock2 d,es left ¬∑ EDT,NO,No,Yes,No location given,No location given,No website link,via Eventbrite,https://scontent.fdel11-2.fna.fbcdn.net/v/t39.30808-6/s526x296/251050428_3005046813078431_1426273280595125238_n.jpg?_nc_cat=106&ccb=1-5&_nc_sid=b386c4&_nc_ohc=s-NAB09WdOIAX_OEYC1&_nc_ht=scontent.fdel11-2.fna&oh=709a61f35e60b63785008e98415d2297&oe=619E26DC,https://www.facebook.com/events/267056652102986/
0,27th Ottawa Children‚Äôs Storytelling Festival ‚Äì 27e Festival du conte pour enfants d'Ottawa,"The 27th annual Ottawa Children‚Äôs Storytelling FestivalNovember 22 - 27, 2021For kids ages 3-12FREEThis bilingual festival will be available online at OPL‚Äôs Kid Zone with in-person programming at the Odawa Native Friendship Centre.Schedule and links for each story (Youtube, Zoom) will be available here https://biblioottawalibrary.ca/en/kid-zone/storytelling-festivalJoin over 30 English, French, and Indigenous tellers as we celebrate cultures from across Canada and beyond. We will share flights of fancy recounted for the adventurous, rhymes and rhythms recited for the very young, serious spoofs for those who love to laugh, and traditional stories told by Indigenous StoryKeepers.Presented by Ottawa StoryTellers (OST), Ottawa Public Library (OPL) and le Cercle des Conteurs et Conteuses de l‚ÄôEst de l‚ÄôOntario (CCCEO), in partnership with Le Conseil des √âcoles Catholiques Centre-Est (CECCE), Consortium Centre Jules-L√©ger (CCJL), and Odawa Native Friendship Centre.#ottawastorytellers #storyteller #storytelling #ottawa #ottcity #ottarts #ottawaevents #ottawalife #myottawa #ottawakids #ottawapubliclibrary**********************************************Le 27ieme Festival du conte pour enfants d‚ÄôOttawaNovembre 22 - 27, 2021Pour les enfants de 3 √† 12 ansGRATUITCe festival bilingue sera disponible en ligne √† la Kid Zone de la BPO avec une programmation en personne au Odawa Native Friendship Centre.L'horaire et les liens pour chaque histoire (Youtube, Zoom) seront disponibles ici https://biblioottawalibrary.ca/fr/kid-zone/storytelling-festivalJoignez-vous √† plus de 30 conteurs et conteurs anglophones, francophones et des premi√®res nations pour c√©l√©brer les cultures de partout au Canada et ailleurs. Nous partagerons des contes emballants pour les aventuriers, des contines pour les tr√®s petits, des contes humoristiques pour ceux qui aiment rire, ainsi que des contes traditionnels racont√©s par des gardiens des contes autochtones.Pr√©sent√© par Ottawa StoryTellers (OST), Ottawa Public Library (OPL) et le Cercle des Conteurs et Conteuses de l‚ÄôEst de l‚ÄôOntario (CCCEO), en partenariat avec Le Conseil des √âcoles Catholiques Centre-Est (CECCE), Consortium Centre Jules-L√©ger (CCJL), et Odawa Native Friendship Centre.","['Literature', 'Online']", 09:30 ‚Äì 27 Nov , 15:30 ESTNext Week,NO,No,Yes,YES,No location given,No website link,No ticket info,https://scontent.fdel11-1.fna.fbcdn.net/v/t39.30808-6/s526x296/242504923_2217932741682764_330272943085852567_n.jpg?_nc_cat=101&ccb=1-5&_nc_sid=b386c4&_nc_ohc=iWodjMXK0JwAX8-Rz30&_nc_ht=scontent.fdel11-1.fna&oh=9920ae8ee92bf8ff585bc6fc1f9f72cc&oe=619CF783,https://www.facebook.com/events/2930395577274898/
0,Looking for Ottawa to Markham ride,"Hi! I am looking for a ride from Ottawa to Markham on Nov 26th (ideally leaving at around 8am). If you have room for another passenger, please comment on this post or DM me. Thank you so muchüòä","['Online', 'Live video']","clockFriday, 26 November 2021 ", 08:00 ESTNext Week,NO,No,Yes,Online with Facebook Live,Online with Facebook Live,No website link,No ticket info,https://scontent.fdel11-2.fna.fbcdn.net/v/t39.30808-6/p526x296/251442768_2359273050873869_2879748546409457969_n.jpg?_nc_cat=108&ccb=1-5&_nc_sid=b386c4&_nc_ohc=E0HX2mNKjXcAX-Kg0R3&_nc_ht=scontent.fdel11-2.fna&oh=838742559fbb8ce22592305e9ad1f90e&oe=619D0E1B,https://www.facebook.com/events/733861311342736/
0,OTTAWA vs FRIENDS,OTTAWA vs FRIENDS	KCAC Tournament Quarterfinal	7:00 PM CDT	6/11/2021	end of link	http://iyam-tv.com,['Online'],"urday, 6 November 2021 ", 19:00 EDTabout 1 week ago,NO,No,Yes,YES,No location,http://iyam-tv.com/,No ticket info,https://scontent.fdel11-1.fna.fbcdn.net/v/t39.30808-6/s851x315/253648071_6313397628731421_1514186843923390808_n.jpg?_nc_cat=102&ccb=1-5&_nc_sid=b386c4&_nc_ohc=7ZrS3sczdYcAX-BwfUo&_nc_ht=scontent.fdel11-1.fna&oh=ce9db9d58bebbb3fa497aeedefdedcbd&oe=619CCDC0,https://www.facebook.com/events/362483048999808/
0,San Diego Christian vs Ottawa - 2021 NAIA College Basketball,"The Women's Women's Basketball Ottawa vs San Diego Christian - Women's NAIA BasketballVisit Live broadcast üé• https://bit.ly/3HvhVbLthis is the NAIA College Women's Basketball tournament match between Ottawa against San Diego Christian which is Broadcast live today Thursday, November 18, 2021 watch the San Diego Christian vs Ottawa 2021 National Association of Intercollegiate Athletics Women's Basketball match anywhere whenever you are and on any device with quality, HD-4k-UHD, Powered by: ESPN Network CBS Broadcasting Inc.Video Replay Available After Game has ended. Thank you for watching. Subscribe, Like And Share.2021 National Association of Intercollegiate AthleticsSan Diego Christian vs OttawaOttawa v San Diego ChristianOttawa vs San Diego ChristianSan Diego Christian at OttawaSan Diego Christian @ OttawaOttawa at San Diego Christian College BasketballSan Diego Christian vs Ottawa - NAIA College BasketballOttawa v San Diego Christian College BasketballCollege Basketball San Diego Christian v Ottawa Ottawa Team Basketball vs San Diego Christian CollegeOttawa College v San Diego ChristianSan Diego Christian College Basketball @ Ottawa College BasketballOttawa College Basketball at San Diego Christian College Basketball","['Sports', 'Online']","Thursday, 18 November 2021 ", 13:00,23:40 ESTYesterday,NO,NO,YES,No location,https://bit.ly/3HvhVbL,No ticket info,https://scontent.fdel11-1.fna.fbcdn.net/v/t39.30808-6/p526x296/257359331_270789674967354_6278219910862462034_n.jpg?_nc_cat=109&ccb=1-5&_nc_sid=b386c4&_nc_ohc=hyS-ypLXY3QAX-n_7Yy&_nc_ht=scontent.fdel11-1.fna&oh=a076ce6c4d40cd9939d9e133967045ce&oe=619E4642,https://www.facebook.com/events/357439022803544/
0,Willows Academy vs Ottawa High School - Girls Basketball,"this is a game Illinois High School Basketball Ottawa vs Willows AcademyWatch the live broadcast https://bit.ly/3Hxz6JNThe Willows Academy (Des Plaines, IL) varsity basketball team has a neutral tournament game vs. Ottawa (IL) on Thursday, November 18 @ 6:15p.Willows Academy Eagles vs Ottawa PiratesOttawa high school vs Willows Academy high schoolWillows Academy vs OttawaOttawa v Willows AcademyWillows Academy at OttawaOttawa @ Willows AcademyWillows Academy @ Ottawa Illinois High School BasketballWatch High School Sports. Anywhere.Stream thousands of Live and On Demand high school sporting events from any device Supports by: ESPN Network CBS Broadcasting Inc","['Sports', 'Online']","Thursday, 18 November 2021 ", 12:00,23:40 ESTYesterday,NO,NO,YES,No location,https://bit.ly/3Hxz6JN,No ticket info,https://scontent.fdel11-1.fna.fbcdn.net/v/t39.30808-6/p526x296/258558730_298429402081255_3551887577109876078_n.jpg?_nc_cat=101&ccb=1-5&_nc_sid=b386c4&_nc_ohc=BSXX7hbieI4AX-SdaJN&_nc_ht=scontent.fdel11-1.fna&oh=391ebed599e40da6c7b3bc6fd12d7273&oe=619DC274,https://www.facebook.com/events/430431088680227/
0,World Multicultural Festival Day 1,"World Multicultural Festival is a not for profit organization federally incorporated in Canada üá®üá¶ Join thousands of Ottawa residents as we celebrate our strength in diversity & build a United Canada. Canadian Multiculturalism is at the forefront civic pride in Ottawa. The World Multicultural Festival brings together people of all ages & nationalities to experience the richness of the cultural fabric that make up our communities.Date: November 27 th, 2021Time: 12 noon to 6 pmLocation: Zoom platform www.worldmulticulturalfestival.comVISITORS WILL ENJOY :Live Multicultural Performances Live musical performances Multicultural Fashion shows.Workshops from various cultures Multicultural cuisine workshops at the Global Food Village Art & Craft Exhibitions from Multicultural communities Heritage & Cultural displays Networking opportunitiesAnd many more surprises!!www.worldmulticulturalfestival.com","['Music', 'Online']","Saturday, 27 November 2021 ", 22:30,04:30 UTC+05:30Next Week,NO,NO,YES,No location,https://us02web.zoom.us/j/87323469036,No ticket info,https://scontent.fdel11-2.fna.fbcdn.net/v/t39.30808-6/p526x296/240854834_388263925991254_5087313113394308_n.jpg?_nc_cat=106&ccb=1-5&_nc_sid=b386c4&_nc_ohc=BaNIXNq60SYAX9yVvTg&_nc_ht=scontent.fdel11-2.fna&oh=e45c3de7c48f7c206bc0cbc090762458&oe=619CAA67,https://www.facebook.com/events/230250838988777/
0,Recruitment Information Session via Instagram Live @ottawa_police_recruiting,"Want a career where every day is an adventure? Looking to be part of an extraordinary team with job security, great pay and a chance to make a difference in your community? If becoming a Police Officer is right for you, the Ottawa Police Service (OPS) has what you're looking for.At OPS, we are continually looking to improve our capability to deliver service that is effective and responsive to the needs of our community. As such, the OPS is looking for men and women from all backgrounds and walks of life, including people of various races, cultures and religions or sexual orientations. Everyone who has a strong interest in becoming a police constable, and who feels that she/he meets the qualifications, is encouraged to apply.Interested applicants are invited to attend an information session to learn more about various career opportunities in policing and to meet the Ottawa Police Service Recruitment Team._____Vous souhaitez occuper un poste dynamique dans lequel chaque jour est diff√©rent du pr√©c√©dent? Vous cherchez √† int√©grer une √©quipe dynamique qui b√©n√©ficie de la s√©curit√© d‚Äôemploi et d‚Äôun bon salaire tout en ayant la possibilit√© de faire une diff√©rence dans la collectivit√©? Si le m√©tier de policier vous convient, le Service de police d‚ÄôOttawa (SPO) a justement le poste id√©al pour vous.Travailler comme policier au SPO demande des aptitudes physiques et mentales. C‚Äôest beaucoup plus qu‚Äôun emploi ordinaire ‚Äì il s‚Äôagit d‚Äôune carri√®re gratifiante et d‚Äôun choix de vie.Les candidats int√©ress√©s sont invit√©s √† participer √† une s√©ance d‚Äôinformation afin d‚Äôen savoir plus sur les possibilit√©s de carri√®re dans le domaine policier et aussi pour rencontrer l‚Äô√©quipe de recrutement du Service de Police d‚ÄôOttawa.","['Networking', 'Online']","Wednesday, 8 December 2021 ", 18:00,20:00 EST,NO,NO,YES,No location given,No website link,No ticket info,https://scontent.fdel11-1.fna.fbcdn.net/v/t1.6435-9/p526x296/172848729_4177677728921729_113459599109864814_n.jpg?_nc_cat=101&ccb=1-5&_nc_sid=b386c4&_nc_ohc=70PPd4b0Mi4AX99ocgc&_nc_ht=scontent.fdel11-1.fna&oh=023d8bb7082139c1769bdf07ed67350a&oe=61BEDC87,https://www.facebook.com/events/246779330466652/
0,Hamilton Musical in Ottawa,üî•Get Your tickets with 10% Discount!üî•Use promo T4C10 during checkouthttps://hmttix.com/cities/OttawaHamilton Musical Live Performance in Ottawa,"['Sports', 'Online']","clockSunday, 23 January 2022 ", 19:30 UTC+06,NO,No,Yes,YES,No location given,No website link,No ticket info,NO Image Url ,https://www.facebook.com/events/1316778772142282/
0,Bethany vs Ottawa - 2021 NAIA College Football,"The Mens Mens Football Bethany vs Ottawa - Mens NAIA FootballVisit Live broadcast üé• https://bit.ly/3opREmxthis is the NAIA College Mens Football tournament match between Bethany against Ottawa which is Broadcast live today Saturday, November 13, 2021 watch the Ottawa vs Bethany 2021 National Association of Intercollegiate Athletics Mens Football match anywhere whenever you are and on any device with quality, HD-4k-UHD, Powered by: ESPN Network CBS Broadcasting Inc.Video Replay Available After Game has ended. Thank you for watching. Subscribe, Like And Share.2021 National Association of Intercollegiate AthleticsOttawa vs BethanyBethany v OttawaBethany vs OttawaOttawa at BethanyOttawa @ BethanyBethany at Ottawa College FootballOttawa vs Bethany - NAIA College FootballBethany v Ottawa College FootballCollege Football Ottawa v Bethany Bethany Team Football vs Ottawa CollegeBethany College v OttawaOttawa College Football @ Bethany College FootballBethany College Football at Ottawa College Football","['Sports', 'Online']","Saturday, 13 November 2021 ", 12:00,23:40 EST6 days ago,NO,NO,YES,No location,https://bit.ly/3opREmx,No ticket info,https://scontent.fdel11-2.fna.fbcdn.net/v/t39.30808-6/p526x296/256827552_149693380714504_4646593770996803947_n.jpg?_nc_cat=105&ccb=1-5&_nc_sid=b386c4&_nc_ohc=ecBkZnab-XIAX_h_EeY&_nc_ht=scontent.fdel11-2.fna&oh=99a27d3f09a36b101f720a7a36d725d1&oe=619C962E,https://www.facebook.com/events/324997196098929/
0,Ottawa Rock N' Gem Show,"Ottawa Rock N' Gem Show 2021The Mineral Kingdom is at your fingertips for four days this fall. Join our crystal loving crew in the EY Centre for thousands of square feet of mineral heaven!This premiere event is for gemstone and jewelry collectors and designers alike, The Ottawa Rock N' Gem Show brings your love for Mother Nature to a whole new level!All ages and interest levels welcome. Show Dates & Times:Dec 2nd, 2021 10:00am-8:00pmDec 3rd, 2021 10:00am-8:00pmDec 4th, 2021 10:00am-8:00pmDec 5th, 2021 10:00am-5:00pmCharitable Entry Fee:$2.00/person$5.00/family5 and under freePlease Note:All COVID regulations for your area will be followed. Please see your local guidelines for full details. For more information on this and other Rock N' Gem Show events visit www.canadagemshows.com",['Shopping'],clock4 d,es ¬∑ 2 Dec ‚Äì 5 Dec ¬∑ EST,NO,No,Yes,No location given,No location given,No website link,www.eventbrite.ca/e/ottawa-rock-n-gem-show-tickets-166462073543,https://scontent.fdel11-1.fna.fbcdn.net/v/t1.6435-9/p526x296/205899977_1661349490725640_2475449826148529698_n.jpg?_nc_cat=102&ccb=1-5&_nc_sid=b386c4&_nc_ohc=yHEk8rlQnEkAX8-dHbM&_nc_ht=scontent.fdel11-1.fna&oh=af07da498b8feeaffb1a94c80f89f349&oe=61BCAC55,https://www.facebook.com/events/584018582579365/
0,Canada‚Äôs Year of the Garden 2022 - How will Ottawa celebrate?,"The Year of the Garden 2022,  is a Centennial Celebration of Canada's ornamental horticulture sector.  How can Ottawa join the celebrations?Gardens Ottawa Symposium:Learn about plans to celebrate the Year of the Garden in Ottawa, followed by an open discussion.Guest Speakers include:-Gardens Ottawa - Michel Gauthier, President-City of Ottawa ‚Äì Councillor Mathieu Fleury-National Capital Commission ‚Äì Tina Liu, Landscape Architect-Just Food - Moe Garahan, Executive Director-Friends of the Central Experimental Farm - Eric Jones, President-Ottawa Horticultural Society-District 2 ‚Äì Anne Clark Stewart-Canadensis ‚Äì G√©rald Lajeunesse, Chair-Master Gardeners - Anne Price, President; Julianne Labreche, Past President-Gardening Calendar ‚Äì Jean Carr, President",['Online'],"Saturday, 27 November 2021 ", 09:00,11:00 ESTNext Week,NO,NO,YES,No location given,No website link,via Eventbrite,https://scontent.fdel11-1.fna.fbcdn.net/v/t39.30808-6/s526x296/258111298_3017551745161271_7970625779133515781_n.jpg?_nc_cat=100&ccb=1-5&_nc_sid=b386c4&_nc_ohc=ufDdW4m1DrkAX_7Mdvq&_nc_ht=scontent.fdel11-1.fna&oh=be790c3d5eccf77424861e0933305287&oe=619CC97A,https://www.facebook.com/events/900983510604873/
0,ANCOP Ottawa Virtual Fellowship Night,"A wonderful night to know more about ANCOP, to be excited about the annual virtual ANCOP Walk and have fun together through on-line games, raffle, songs and dance! Prizes include the following baskets/packages ofWine Movie night COVID-19 essential basket Me-time goodiesSweets and treats/candies, chocolates, chips and nutsBaking kitRaffle tickets are available for purchase here: https://forms.gle/RJ6qcSMGmFDFHPNf6Buy 2, get 1 ticket FREE!!!","['Causes', 'Online']","Sunday, 22 May 2022 ", 19:00,21:00 EDT,NO,NO,YES,No location,https://forms.gle/RJ6qcSMGmFDFHPNf6,No ticket info,https://scontent.fdel11-1.fna.fbcdn.net/v/t1.6435-9/p526x296/181420921_2926340280952845_5393071368549083631_n.jpg?_nc_cat=102&ccb=1-5&_nc_sid=b386c4&_nc_ohc=cjKmQiZVB2cAX8cuygz&_nc_ht=scontent.fdel11-1.fna&oh=844e6739ded424af401c3e0e505de914&oe=61BFC594,https://www.facebook.com/events/500057801330229/
0,"Simon Chen, UOttawa, Canada",https://med.uottawa.ca/cellular-molecular/people/chen-simon,"['Health', 'Online']","clockThursday, 16 September 2021 ", 10:00 EDTabout 2 months ago,NO,No,Yes,YES,No location given,No website link,No ticket info,https://scontent.fdel11-2.fna.fbcdn.net/v/t39.30808-6/p480x480/241786213_325612695997466_4305479106448373098_n.jpg?_nc_cat=108&ccb=1-5&_nc_sid=b386c4&_nc_ohc=oBcRw7tGuJ8AX-QqL9Q&_nc_oc=AQl5xf9fcMsjRNbWqQsiZxM3msilqhDdpH0u8FIBC4fjskgQqxGYS5gEhojWyW2j7-fdKFjIFzgOM2abDCj5yOEX&_nc_ht=scontent.fdel11-2.fna&oh=b1b2f5d1b4876ff335a9f976e13d0a0e&oe=619DE493,https://www.facebook.com/events/2666114336868233/
0,Odd Creatures of Ottawa with Rebecca Lewis,"Online via Zoom - Registration RequiredExplore some of the unexpected wildlife of the Ottawa Refuge, and some that have unexpected or just plain weird adaptations and features. Who wouldn't love a bird shaped like a potato that, I have heard, tastes like liver? Rebecca Lewis is the Visitor Services Specialist for Ottawa National Wildlife Refuge. She has worked at the refuge since 1996 and has been with the Service since 1990. A graduate of the University of Wisconsin-Stevens Point, she began her career as a Co-op Student with the Litchfield Wetland Management District in Minnesota. She discovered her love of visitor services while working at the Seney National Wildlife Refuge in Michigan. Some of her favorite aspects of her job have been working with the Federal Junior Duck Stamp Program, sharing her love of birds with many visitors to the refuge, and the many volunteers she has had the pleasure to work with over the years. Lewis is originally from Wisconsin and has always enjoyed spending time outdoors. Rebecca has two teenagers, a son and a daughter, who are active in band, drama, writing, Girl Scouts and cosplay. She enjoys birding, traveling, her two teenagers, volunteering and time with family and friends.This program is free but donations may be made online to support the Friends of Ottawa National Wildlife Refuge: Donate Now at https://friendsofottawanwr.networkforgood.com/projects/104514-support-the-conservation-of-ottawa-national-wildlife-refugeMore info: https://www.friendsofottawanwr.org/events.html","['Causes', 'Online']","Thursday, 18 November 2021 ", 18:00,19:00 ESTYesterday,NO,NO,YES,No location,https://us02web.zoom.us/meeting/register/tZAvc-6hqTkuE9eEtUqsKF3s84MQP4pjqxM5,No ticket info,https://scontent.fdel11-1.fna.fbcdn.net/v/t39.30808-6/p526x296/249198486_250848643737367_7940196518547507169_n.jpg?_nc_cat=109&ccb=1-5&_nc_sid=b386c4&_nc_ohc=D8Yvcr42W6kAX_7D5ZN&_nc_ht=scontent.fdel11-1.fna&oh=41f3e773acf870eb0c9ee3565896f468&oe=619DA85A,https://www.facebook.com/events/406528067805523/
0,Ottawa Music Professional Studios's Event,No Description given ,[],"urday, 25 December 2021 ", 00:00 EST,NO,No,Yes,Online with Facebook Live,Online with Facebook Live,No website link,No ticket info,https://scontent.fdel11-2.fna.fbcdn.net/v/t39.30808-6/242585048_4596253000432717_6257629445371252746_n.jpg?_nc_cat=107&ccb=1-5&_nc_sid=b386c4&_nc_ohc=BekTzfCKjGcAX9ZQpbJ&_nc_ht=scontent.fdel11-2.fna&oh=35b8cda8e3fe174049efe1257e1bb74e&oe=619E1FAF,https://www.facebook.com/events/587293485647365/
0,Recruitment Information Session via Instagram Live @ottawa_police_recruiting,"Want a career where every day is an adventure? Looking to be part of an extraordinary team with job security, great pay and a chance to make a difference in your community? If becoming a Police Officer is right for you, the Ottawa Police Service (OPS) has what you're looking for.At OPS, we are continually looking to improve our capability to deliver service that is effective and responsive to the needs of our community. As such, the OPS is looking for men and women from all backgrounds and walks of life, including people of various races, cultures and religions or sexual orientations. Everyone who has a strong interest in becoming a police constable, and who feels that she/he meets the qualifications, is encouraged to apply.Interested applicants are invited to attend an information session to learn more about various career opportunities in policing and to meet the Ottawa Police Service Recruitment Team._____Vous souhaitez occuper un poste dynamique dans lequel chaque jour est diff√©rent du pr√©c√©dent? Vous cherchez √† int√©grer une √©quipe dynamique qui b√©n√©ficie de la s√©curit√© d‚Äôemploi et d‚Äôun bon salaire tout en ayant la possibilit√© de faire une diff√©rence dans la collectivit√©? Si le m√©tier de policier vous convient, le Service de police d‚ÄôOttawa (SPO) a justement le poste id√©al pour vous.Travailler comme policier au SPO demande des aptitudes physiques et mentales. C‚Äôest beaucoup plus qu‚Äôun emploi ordinaire ‚Äì il s‚Äôagit d‚Äôune carri√®re gratifiante et d‚Äôun choix de vie.Les candidats int√©ress√©s sont invit√©s √† participer √† une s√©ance d‚Äôinformation afin d‚Äôen savoir plus sur les possibilit√©s de carri√®re dans le domaine policier et aussi pour rencontrer l‚Äô√©quipe de recrutement du Service de Police d‚ÄôOttawa.","['Networking', 'Online']","Wednesday, 10 November 2021 ", 18:00,20:00 ESTabout 1 week ago,NO,NO,YES,No location given,No website link,No ticket info,https://scontent.fdel11-1.fna.fbcdn.net/v/t1.6435-9/p526x296/172661139_4177676662255169_7251455335669689468_n.jpg?_nc_cat=101&ccb=1-5&_nc_sid=b386c4&_nc_ohc=qKIo-TCpWbkAX-gzNs7&_nc_ht=scontent.fdel11-1.fna&oh=266d09eeab60ea6b679000498d551710&oe=61BC91A0,https://www.facebook.com/events/279398200323849/
0,OTTAWA AND RWANDA DATE NIGHT,"Our first get together between believers in Ottawa and those in Rwanda.We will take time to pray and get to know one another, you are all invited.","['Religion', 'Online']","clockFriday, 22 October 2021 ", 13:00 EDTabout 4 weeks ago,NO,No,Yes,YES,No location,https://us02web.zoom.us/j/87020867141?pwd=ZlZMa2ZITERvREZLdVc1bzFuRmc2UT09,No ticket info,https://scontent.fdel11-1.fna.fbcdn.net/v/t39.30808-6/p526x296/246171801_2668552173291387_1512818920434448245_n.jpg?_nc_cat=102&ccb=1-5&_nc_sid=b386c4&_nc_ohc=4kE8Ah4zBKMAX8Q-6Je&_nc_ht=scontent.fdel11-1.fna&oh=2baec57664b4de77650aed11bcc1c926&oe=619E34E0,https://www.facebook.com/events/250911686987171/
0,Kitchissippi-Ottawa Valley Chapter Launch Meeting,"The Council of Canadians announces the Public Launch of its new Kitchissippi-Ottawa Valley Chapter. Valley residents are invited to attend. Due to COVID public health concerns, this event will be held on Zoom, on October 28, 2021, beginning at 6:30 PM. You get a session link with this ZOOM Registration:<https://us02web.zoom.us/meeting/register/tZYsdeCsrj0uE9ZLabTehcv3WHlx8DbCTRLa>The agenda for this evening includes:  *** An introduction to the Council of Canadians and how it can support good social and environmental change in a rural region like ours.***  Brief presentations on upcoming chapter plans including a FUN approach to climate action education and initiating a youth art exhibit for Earth Day. *** Discussion of community participants' questions and concerns. For more than 3 decades, the Council of Canadians has been a public activist champion for clean fresh water, climate action, public health care, and vibrant democracy in Canada, as well as many other environmental, social and economic issues. The Council is non-partisan and financed only through member-support, so we can speak freely on issues that concern us.VISIT OUR WEBSITE TO LEARN MORE ABOUT OUR NEW CHAPTER:https://kovcouncil.wordpress.com/Some county residents may have already heard about this chapter.  After a handful of Renfrew County residents came together a few months ago to form this new chapter, the group has already been active on climate issues, pollinator-friendly policies, in solidarity with the Algonquin Anishinabeg for justice about residential schools operations, and other concerns.The Council invites Renfrew County neighbours and allies to attend this launch and share about the issues that are crucial for you. Climate chaos weather? Wildlife habitat and wetland protection? Sustainable forestry? Pharmacare? Rural public transport? Political accountability and transparency? Clean drinking water? Or something else?We hope you will spend 90 minutes of your evening on October 28th to check us out, starting at 6:30 PM.Can‚Äôt attend or have questions?Email us: kitchissippiottawacocchapter@gmail.com Hope to see you soon,Ann, Dan, Diane, Duncan, Ian, and Kathy ","['Causes', 'Online']","Thursday, 28 October 2021 ", 18:30,20:00 EDTabout 3 weeks ago,NO,NO,YES,No location given,No website link,No ticket info,https://scontent.fdel11-1.fna.fbcdn.net/v/t39.30808-6/s526x296/245925165_160169312996325_5748382250255630997_n.png?_nc_cat=100&ccb=1-5&_nc_sid=b386c4&_nc_ohc=GqxlMsy4tDIAX-Bnpy0&_nc_oc=AQmEuai9oR40lxAWkUng8MgBfMyacskGq9vykDz69d-T_wFZzNTtM2Yvz239g7aR1TB-OpcGvmfw5X1zv7Jo5Uxe&_nc_ht=scontent.fdel11-1.fna&oh=b15f06205255c34a330732afe18b5773&oe=619DE31B,https://www.facebook.com/events/667312877567325/
0,BPW Ottawa November Virtual Meeting - The Crunchy and the Smooth,"Join BPW Ottawa for event ‚ÄúThe Crunchy and The Smooth‚Äù on November 18, 2021 at 6:45 pm EST; main event will start at 7 pm EST. Our key speaker is an internationally renowned artist, Rosemary Leach, who helps her audience learn about life and commemorate lives by allowing them to connect with everyday objects. See her website https://www.rosemaryleach.com/This event is offered by BPW Ottawa. BPW Ottawa is part of BPW International. BPW International is a non-profit organization that has General Consultative Status with the United Nations Economic and Social Council and participatory status with the Council of Europe.Visit Eventbrite to register today! https://www.eventbrite.ca/e/bpw-ottawa-november-virtual-meeting-the-crunchy-and-the-smooth-tickets-168361813717Non-members may attend up to 2 events before joining this organization. #WomenEmpowerment, #BPWOttawa, #Arts, #Artist, #ottawaevents, #artsy, #artsanity","['Networking', 'Online']","Thursday, 18 November 2021 ", 18:45,20:30 ESTYesterday,NO,NO,YES,No location,https://www.eventbrite.ca/e/bpw-ottawa-november-virtual-meeting-the-crunchy-and-the-smooth-tickets-168361813717,No ticket info,https://scontent.fdel11-1.fna.fbcdn.net/v/t39.30808-6/p526x296/251133270_6698931266791209_5046613648206533690_n.jpg?_nc_cat=100&ccb=1-5&_nc_sid=b386c4&_nc_ohc=iOzlM00auBgAX_4gGle&_nc_ht=scontent.fdel11-1.fna&oh=dec2748e0be1b9058fcf744462c3860a&oe=619D9C8F,https://www.facebook.com/events/604598760585537/
0,Ottawa Housing Search 101 for International Students,Are you an international student planning to live in Ottawa for the first time this Winter? Are you looking to understand your options for on-campus and off-campus housing? The International Student Services Office and Housing and Residence Life Services invite you to attend the ‚ÄòOttawa Housing Search 101‚Ä≤ workshop for international students. This workshop is designed to cover the information needed by international students living abroad and inside Canada before they start their Ottawa housing search. ,"['Wellness', 'Online']","clockThursday, 28 October 2021 ", 09:00 EDTabout 3 weeks ago,NO,No,Yes,YES,No location,https://carleton.ca/isso/cu-events/housing101/,No ticket info,https://scontent.fdel11-1.fna.fbcdn.net/v/t39.30808-6/p235x350/247884232_4458273457589177_8158743473742491972_n.jpg?_nc_cat=102&ccb=1-5&_nc_sid=b386c4&_nc_ohc=lJZkuCLMxcIAX-o7mUZ&_nc_ht=scontent.fdel11-1.fna&oh=8f494e43ac4c28995b4dfb1826e491c6&oe=619D1B93,https://www.facebook.com/events/601263977727612/
0,S√©ance d'information JDLC Ottawa 2021,Vous avez des questions sur les √©preuves des jeux de cette ann√©e ? Vous voulez en savoir plus sur l‚Äôexp√©rience des Jeux de la Communication?Rejoignez-nous ce jeudi √† 19h30 pour une s√©ance d'information o√π nous passerons en revue les 13 √©preuves et r√©pondrons √† toutes vos questions!*Le lien zoom sera affich√© 30 minutes avant le d√©but de la s√©ance*.,"['Games', 'Online']","Thursday, 16 September 2021 ", 19:30,20:30 EDTabout 2 months ago,NO,NO,YES,No location given,No website link,No ticket info,https://scontent.fdel11-1.fna.fbcdn.net/v/t39.30808-6/p526x296/242056714_6087655284640218_7675868878849058251_n.jpg?_nc_cat=101&ccb=1-5&_nc_sid=b386c4&_nc_ohc=gd-yOjqZDFQAX9pQSbp&_nc_ht=scontent.fdel11-1.fna&oh=b555b6c038eeee9b14cec102055ed66b&oe=619DB1BC,https://www.facebook.com/events/396523915383411/
0,ABA Therapy - VBS is coming to Ottawa,"VBS will soon be providing in-home ABA therapy in Ottawa. You're invited to meet our Senior Clinicians, learn about how we can serve your family and stay for a Q&A session.VBS is an OAP-approved provider currently developing in-home ABA services in the Ottawa area. If you or a family you know is in need of our services please share this webinar with them. We are so excited to meet you!","['Health', 'Online']","Wednesday, 15 December 2021 ", 19:30,20:30 EST,NO,NO,YES,No location,https://www.eventbrite.ca/e/vbs-is-coming-to-ottawa-tickets-212717051427,No ticket info,https://scontent.fdel11-2.fna.fbcdn.net/v/t39.30808-6/p526x296/258410146_343451270876551_8450432958110852567_n.jpg?_nc_cat=108&ccb=1-5&_nc_sid=b386c4&_nc_ohc=AvARmUU48wUAX9fsCu-&_nc_ht=scontent.fdel11-2.fna&oh=686a2b3eaddc121d45e09806986991b0&oe=619E77E3,https://www.facebook.com/events/411971783739764/
0,Recruitment Information Session via Instagram Live @ottawa_police_recruiting,"Want a career where every day is an adventure? Looking to be part of an extraordinary team with job security, great pay and a chance to make a difference in your community? If becoming a Police Officer is right for you, the Ottawa Police Service (OPS) has what you're looking for.At OPS, we are continually looking to improve our capability to deliver service that is effective and responsive to the needs of our community. As such, the OPS is looking for men and women from all backgrounds and walks of life, including people of various races, cultures and religions or sexual orientations. Everyone who has a strong interest in becoming a police constable, and who feels that she/he meets the qualifications, is encouraged to apply.Interested applicants are invited to attend an information session to learn more about various career opportunities in policing and to meet the Ottawa Police Service Recruitment Team._____Vous souhaitez occuper un poste dynamique dans lequel chaque jour est diff√©rent du pr√©c√©dent? Vous cherchez √† int√©grer une √©quipe dynamique qui b√©n√©ficie de la s√©curit√© d‚Äôemploi et d‚Äôun bon salaire tout en ayant la possibilit√© de faire une diff√©rence dans la collectivit√©? Si le m√©tier de policier vous convient, le Service de police d‚ÄôOttawa (SPO) a justement le poste id√©al pour vous.Travailler comme policier au SPO demande des aptitudes physiques et mentales. C‚Äôest beaucoup plus qu‚Äôun emploi ordinaire ‚Äì il s‚Äôagit d‚Äôune carri√®re gratifiante et d‚Äôun choix de vie.Les candidats int√©ress√©s sont invit√©s √† participer √† une s√©ance d‚Äôinformation afin d‚Äôen savoir plus sur les possibilit√©s de carri√®re dans le domaine policier et aussi pour rencontrer l‚Äô√©quipe de recrutement du Service de Police d‚ÄôOttawa.","['Networking', 'Online']","Wednesday, 13 October 2021 ", 18:00,20:00 EDTabout 1 month ago,NO,NO,YES,No location given,No website link,No ticket info,https://scontent.fdel11-1.fna.fbcdn.net/v/t1.6435-9/p526x296/173211624_4177675548921947_134841095005625048_n.jpg?_nc_cat=104&ccb=1-5&_nc_sid=b386c4&_nc_ohc=Nfjw-GYS18UAX_Ipcui&_nc_ht=scontent.fdel11-1.fna&oh=157ad414ca39b64f68a41a497d4735b5&oe=61BEB07F,https://www.facebook.com/events/849826195739953/
